<?xml version="1.0" encoding="UTF-8"?>
<GenRun Id="synth_1" LaunchPart="xc7a35tcpg236-1" LaunchTime="1706023553">
  <File Type="PA-TCL" Name="four_to_one.tcl"/>
  <File Type="RDS-PROPCONSTRS" Name="four_to_one_drc_synth.rpt"/>
  <File Type="REPORTS-TCL" Name="four_to_one_reports.tcl"/>
  <File Type="RDS-RDS" Name="four_to_one.vds"/>
  <File Type="RDS-UTIL" Name="four_to_one_utilization_synth.rpt"/>
  <File Type="RDS-UTIL-PB" Name="four_to_one_utilization_synth.pb"/>
  <File Type="RDS-DCP" Name="four_to_one.dcp"/>
  <File Type="VDS-TIMINGSUMMARY" Name="four_to_one_timing_summary_synth.rpt"/>
  <File Type="VDS-TIMING-PB" Name="four_to_one_timing_summary_synth.pb"/>
  <FileSet Name="sources" Type="DesignSrcs" RelSrcDir="$PSRCDIR/sources_1" RelGenDir="$PGENDIR/sources_1">
    <Filter Type="Srcs"/>
    <File Path="$PPRDIR/../mux4to1ins.vhd">
      <FileInfo>
        <Attr Name="UsedIn" Val="synthesis"/>
        <Attr Name="UsedIn" Val="simulation"/>
      </FileInfo>
    </File>
    <Config>
      <Option Name="DesignMode" Val="RTL"/>
      <Option Name="TopModule" Val="four_to_one"/>
      <Option Name="TopAutoSet" Val="TRUE"/>
    </Config>
  </FileSet>
  <FileSet Name="constrs_in" Type="Constrs" RelSrcDir="$PSRCDIR/constrs_1">
    <Filter Type="Constrs"/>
    <Config>
      <Option Name="ConstrsType" Val="XDC"/>
    </Config>
  </FileSet>
  <FileSet Name="utils" Type="Utils" RelSrcDir="$PSRCDIR/utils_1">
    <Filter Type="Utils"/>
    <Config>
      <Option Name="TopAutoSet" Val="TRUE"/>
    </Config>
  </FileSet>
  <Strategy Version="1" Minor="2">
    <StratHandle Name="Vivado Synthesis Defaults" Flow="Vivado Synthesis 2022">
      <Desc>Vivado Synthesis Defaults</Desc>
    </StratHandle>
    <Step Id="synth_design"/>
  </Strategy>
</GenRun>
