<?xml version="1.0" encoding="UTF-8"?>
<GenRun Id="impl_1" LaunchPart="xc7a35tcpg236-1" LaunchTime="1708088881">
  <File Type="ROUTE-PWR" Name="push_led_power_routed.rpt"/>
  <File Type="PA-TCL" Name="push_led.tcl"/>
  <File Type="BITSTR-MMI" Name="push_led.mmi"/>
  <File Type="OPT-METHODOLOGY-DRC" Name="push_led_methodology_drc_opted.rpt"/>
  <File Type="INIT-TIMING" Name="push_led_timing_summary_init.rpt"/>
  <File Type="ROUTE-PWR-SUM" Name="push_led_power_summary_routed.pb"/>
  <File Type="REPORTS-TCL" Name="push_led_reports.tcl"/>
  <File Type="OPT-TIMING" Name="push_led_timing_summary_opted.rpt"/>
  <File Type="OPT-DCP" Name="push_led_opt.dcp"/>
  <File Type="OPT-DRC" Name="push_led_drc_opted.rpt"/>
  <File Type="OPT-HWDEF" Name="push_led.hwdef"/>
  <File Type="PWROPT-DCP" Name="push_led_pwropt.dcp"/>
  <File Type="PWROPT-DRC" Name="push_led_drc_pwropted.rpt"/>
  <File Type="PWROPT-TIMING" Name="push_led_timing_summary_pwropted.rpt"/>
  <File Type="PLACE-DCP" Name="push_led_placed.dcp"/>
  <File Type="PLACE-IO" Name="push_led_io_placed.rpt"/>
  <File Type="PLACE-CLK" Name="push_led_clock_utilization_placed.rpt"/>
  <File Type="PLACE-UTIL" Name="push_led_utilization_placed.rpt"/>
  <File Type="PLACE-UTIL-PB" Name="push_led_utilization_placed.pb"/>
  <File Type="PLACE-CTRL" Name="push_led_control_sets_placed.rpt"/>
  <File Type="PLACE-SIMILARITY" Name="push_led_incremental_reuse_placed.rpt"/>
  <File Type="PLACE-PRE-SIMILARITY" Name="push_led_incremental_reuse_pre_placed.rpt"/>
  <File Type="BG-BIN" Name="push_led.bin"/>
  <File Type="PLACE-TIMING" Name="push_led_timing_summary_placed.rpt"/>
  <File Type="POSTPLACE-PWROPT-DCP" Name="push_led_postplace_pwropt.dcp"/>
  <File Type="BITSTR-MSK" Name="push_led.msk"/>
  <File Type="POSTPLACE-PWROPT-TIMING" Name="push_led_timing_summary_postplace_pwropted.rpt"/>
  <File Type="PHYSOPT-DCP" Name="push_led_physopt.dcp"/>
  <File Type="PHYSOPT-DRC" Name="push_led_drc_physopted.rpt"/>
  <File Type="BITSTR-RBT" Name="push_led.rbt"/>
  <File Type="PHYSOPT-TIMING" Name="push_led_timing_summary_physopted.rpt"/>
  <File Type="ROUTE-ERROR-DCP" Name="push_led_routed_error.dcp"/>
  <File Type="ROUTE-DCP" Name="push_led_routed.dcp"/>
  <File Type="ROUTE-BLACKBOX-DCP" Name="push_led_routed_bb.dcp"/>
  <File Type="ROUTE-DRC" Name="push_led_drc_routed.rpt"/>
  <File Type="ROUTE-DRC-PB" Name="push_led_drc_routed.pb"/>
  <File Type="ROUTE-DRC-RPX" Name="push_led_drc_routed.rpx"/>
  <File Type="ROUTE-METHODOLOGY-DRC" Name="push_led_methodology_drc_routed.rpt"/>
  <File Type="ROUTE-METHODOLOGY-DRC-RPX" Name="push_led_methodology_drc_routed.rpx"/>
  <File Type="ROUTE-METHODOLOGY-DRC-PB" Name="push_led_methodology_drc_routed.pb"/>
  <File Type="ROUTE-PWR-RPX" Name="push_led_power_routed.rpx"/>
  <File Type="ROUTE-STATUS" Name="push_led_route_status.rpt"/>
  <File Type="ROUTE-STATUS-PB" Name="push_led_route_status.pb"/>
  <File Type="ROUTE-TIMINGSUMMARY" Name="push_led_timing_summary_routed.rpt"/>
  <File Type="ROUTE-TIMING-PB" Name="push_led_timing_summary_routed.pb"/>
  <File Type="ROUTE-TIMING-RPX" Name="push_led_timing_summary_routed.rpx"/>
  <File Type="ROUTE-SIMILARITY" Name="push_led_incremental_reuse_routed.rpt"/>
  <File Type="ROUTE-CLK" Name="push_led_clock_utilization_routed.rpt"/>
  <File Type="ROUTE-BUS-SKEW" Name="push_led_bus_skew_routed.rpt"/>
  <File Type="ROUTE-BUS-SKEW-PB" Name="push_led_bus_skew_routed.pb"/>
  <File Type="ROUTE-BUS-SKEW-RPX" Name="push_led_bus_skew_routed.rpx"/>
  <File Type="POSTROUTE-PHYSOPT-DCP" Name="push_led_postroute_physopt.dcp"/>
  <File Type="POSTROUTE-PHYSOPT-BLACKBOX-DCP" Name="push_led_postroute_physopt_bb.dcp"/>
  <File Type="POSTROUTE-PHYSOPT-TIMING" Name="push_led_timing_summary_postroute_physopted.rpt"/>
  <File Type="POSTROUTE-PHYSOPT-TIMING-PB" Name="push_led_timing_summary_postroute_physopted.pb"/>
  <File Type="POSTROUTE-PHYSOPT-TIMING-RPX" Name="push_led_timing_summary_postroute_physopted.rpx"/>
  <File Type="POSTROUTE-PHYSOPT-BUS-SKEW" Name="push_led_bus_skew_postroute_physopted.rpt"/>
  <File Type="BG-BIT" Name="push_led.bit"/>
  <File Type="POSTROUTE-PHYSOPT-BUS-SKEW-PB" Name="push_led_bus_skew_postroute_physopted.pb"/>
  <File Type="POSTROUTE-PHYSOPT-BUS-SKEW-RPX" Name="push_led_bus_skew_postroute_physopted.rpx"/>
  <File Type="BITSTR-NKY" Name="push_led.nky"/>
  <File Type="BITSTR-BMM" Name="push_led_bd.bmm"/>
  <File Type="PDI-FILE" Name="push_led.pdi"/>
  <File Type="RCFI_FILE" Name="push_led.rcfi"/>
  <File Type="CFI_FILE" Name="push_led.cfi"/>
  <File Type="RNPI_FILE" Name="push_led.rnpi"/>
  <File Type="NPI_FILE" Name="push_led.npi"/>
  <File Type="RBD_FILE" Name="push_led.rbd"/>
  <File Type="BITSTR-LTX" Name="debug_nets.ltx"/>
  <File Type="BITSTR-LTX" Name="push_led.ltx"/>
  <File Type="BITSTR-SYSDEF" Name="push_led.sysdef"/>
  <File Type="BG-BGN" Name="push_led.bgn"/>
  <File Type="BG-DRC" Name="push_led.drc"/>
  <File Type="RDI-RDI" Name="push_led.vdi"/>
  <File Type="WBT-USG" Name="usage_statistics_webtalk.html"/>
  <File Type="ROUTE-RQS" Name="push_led_routed.rqs"/>
  <File Type="POSTROUTE-PHYSOPT-RQS" Name="push_led_postroute_physopted.rqs"/>
  <File Type="ROUTE-RQS-RPT" Name="route_report_qor_suggestions_0.rpt"/>
  <File Type="POSTROUTE-PHYSOPT-RQS-RPT" Name="postroute_physopt_report_qor_suggestions_0.rpt"/>
  <FileSet Name="sources" Type="DesignSrcs" RelSrcDir="$PSRCDIR/sources_1" RelGenDir="$PGENDIR/sources_1">
    <Filter Type="Srcs"/>
    <File Path="$PSRCDIR/sources_1/imports/Push_Led/clock_divider.vhd">
      <FileInfo>
        <Attr Name="ImportPath" Val="$PPRDIR/../Push_Led/clock_divider.vhd"/>
        <Attr Name="ImportTime" Val="1708086722"/>
        <Attr Name="UsedIn" Val="synthesis"/>
        <Attr Name="UsedIn" Val="simulation"/>
      </FileInfo>
    </File>
    <File Path="$PSRCDIR/sources_1/imports/Push_Led/push_led.vhd">
      <FileInfo>
        <Attr Name="ImportPath" Val="$PPRDIR/../Push_Led/push_led.vhd"/>
        <Attr Name="ImportTime" Val="1708086723"/>
        <Attr Name="UsedIn" Val="synthesis"/>
        <Attr Name="UsedIn" Val="simulation"/>
      </FileInfo>
    </File>
    <File Path="$PSRCDIR/sources_1/imports/Push_Led/dff_slow.vhd">
      <FileInfo>
        <Attr Name="ImportPath" Val="$PPRDIR/../Push_Led/dff_slow.vhd"/>
        <Attr Name="ImportTime" Val="1708086722"/>
        <Attr Name="UsedIn" Val="synthesis"/>
        <Attr Name="UsedIn" Val="simulation"/>
      </FileInfo>
    </File>
    <File Path="$PSRCDIR/sources_1/imports/Push_Led/wrapper_push_led.vhd">
      <FileInfo>
        <Attr Name="ImportPath" Val="$PPRDIR/../Push_Led/wrapper_push_led.vhd"/>
        <Attr Name="ImportTime" Val="1708086723"/>
        <Attr Name="UsedIn" Val="synthesis"/>
        <Attr Name="UsedIn" Val="simulation"/>
      </FileInfo>
    </File>
    <File Path="$PSRCDIR/sources_1/imports/Push_Led/key_debouncer.vhd">
      <FileInfo>
        <Attr Name="ImportPath" Val="$PPRDIR/../Push_Led/key_debouncer.vhd"/>
        <Attr Name="ImportTime" Val="1708086723"/>
        <Attr Name="UsedIn" Val="synthesis"/>
        <Attr Name="UsedIn" Val="simulation"/>
      </FileInfo>
    </File>
    <Config>
      <Option Name="DesignMode" Val="RTL"/>
      <Option Name="TopModule" Val="push_led"/>
    </Config>
  </FileSet>
  <FileSet Name="constrs_in" Type="Constrs" RelSrcDir="$PSRCDIR/constrs_1">
    <Filter Type="Constrs"/>
    <File Path="C:/Users/yme21001/Downloads/Basys3_Master.xdc">
      <FileInfo>
        <Attr Name="UsedIn" Val="synthesis"/>
        <Attr Name="UsedIn" Val="implementation"/>
      </FileInfo>
    </File>
    <Config>
      <Option Name="ConstrsType" Val="XDC"/>
    </Config>
  </FileSet>
  <FileSet Name="utils" Type="Utils" RelSrcDir="$PSRCDIR/utils_1">
    <Filter Type="Utils"/>
    <Config>
      <Option Name="TopAutoSet" Val="TRUE"/>
    </Config>
  </FileSet>
  <Strategy Version="1" Minor="2">
    <StratHandle Name="Vivado Implementation Defaults" Flow="Vivado Implementation 2022">
      <Desc>Default settings for Implementation.</Desc>
    </StratHandle>
    <Step Id="init_design"/>
    <Step Id="opt_design"/>
    <Step Id="power_opt_design"/>
    <Step Id="place_design"/>
    <Step Id="post_place_power_opt_design"/>
    <Step Id="phys_opt_design"/>
    <Step Id="route_design"/>
    <Step Id="post_route_phys_opt_design"/>
    <Step Id="write_bitstream"/>
  </Strategy>
</GenRun>
