<?xml version="1.0" encoding="UTF-8"?>
<GenRun Id="synth_1" LaunchPart="xc7a35tcpg236-1" LaunchTime="1708088807">
  <File Type="PA-TCL" Name="push_led.tcl"/>
  <File Type="RDS-PROPCONSTRS" Name="push_led_drc_synth.rpt"/>
  <File Type="REPORTS-TCL" Name="push_led_reports.tcl"/>
  <File Type="RDS-RDS" Name="push_led.vds"/>
  <File Type="RDS-UTIL" Name="push_led_utilization_synth.rpt"/>
  <File Type="RDS-UTIL-PB" Name="push_led_utilization_synth.pb"/>
  <File Type="RDS-DCP" Name="push_led.dcp"/>
  <File Type="VDS-TIMINGSUMMARY" Name="push_led_timing_summary_synth.rpt"/>
  <File Type="VDS-TIMING-PB" Name="push_led_timing_summary_synth.pb"/>
  <FileSet Name="sources" Type="DesignSrcs" RelSrcDir="$PSRCDIR/sources_1" RelGenDir="$PGENDIR/sources_1">
    <Filter Type="Srcs"/>
    <File Path="$PSRCDIR/sources_1/imports/Push_Led/clock_divider.vhd">
      <FileInfo>
        <Attr Name="ImportPath" Val="$PPRDIR/../Push_Led/clock_divider.vhd"/>
        <Attr Name="ImportTime" Val="1708086722"/>
        <Attr Name="UsedIn" Val="synthesis"/>
        <Attr Name="UsedIn" Val="simulation"/>
      </FileInfo>
    </File>
    <File Path="$PSRCDIR/sources_1/imports/Push_Led/push_led.vhd">
      <FileInfo>
        <Attr Name="ImportPath" Val="$PPRDIR/../Push_Led/push_led.vhd"/>
        <Attr Name="ImportTime" Val="1708086723"/>
        <Attr Name="UsedIn" Val="synthesis"/>
        <Attr Name="UsedIn" Val="simulation"/>
      </FileInfo>
    </File>
    <File Path="$PSRCDIR/sources_1/imports/Push_Led/dff_slow.vhd">
      <FileInfo>
        <Attr Name="ImportPath" Val="$PPRDIR/../Push_Led/dff_slow.vhd"/>
        <Attr Name="ImportTime" Val="1708086722"/>
        <Attr Name="UsedIn" Val="synthesis"/>
        <Attr Name="UsedIn" Val="simulation"/>
      </FileInfo>
    </File>
    <File Path="$PSRCDIR/sources_1/imports/Push_Led/wrapper_push_led.vhd">
      <FileInfo>
        <Attr Name="ImportPath" Val="$PPRDIR/../Push_Led/wrapper_push_led.vhd"/>
        <Attr Name="ImportTime" Val="1708086723"/>
        <Attr Name="UsedIn" Val="synthesis"/>
        <Attr Name="UsedIn" Val="simulation"/>
      </FileInfo>
    </File>
    <File Path="$PSRCDIR/sources_1/imports/Push_Led/key_debouncer.vhd">
      <FileInfo>
        <Attr Name="ImportPath" Val="$PPRDIR/../Push_Led/key_debouncer.vhd"/>
        <Attr Name="ImportTime" Val="1708086723"/>
        <Attr Name="UsedIn" Val="synthesis"/>
        <Attr Name="UsedIn" Val="simulation"/>
      </FileInfo>
    </File>
    <Config>
      <Option Name="DesignMode" Val="RTL"/>
      <Option Name="TopModule" Val="push_led"/>
    </Config>
  </FileSet>
  <FileSet Name="constrs_in" Type="Constrs" RelSrcDir="$PSRCDIR/constrs_1">
    <Filter Type="Constrs"/>
    <File Path="C:/Users/yme21001/Downloads/Basys3_Master.xdc">
      <FileInfo>
        <Attr Name="UsedIn" Val="synthesis"/>
        <Attr Name="UsedIn" Val="implementation"/>
      </FileInfo>
    </File>
    <Config>
      <Option Name="ConstrsType" Val="XDC"/>
    </Config>
  </FileSet>
  <FileSet Name="utils" Type="Utils" RelSrcDir="$PSRCDIR/utils_1">
    <Filter Type="Utils"/>
    <Config>
      <Option Name="TopAutoSet" Val="TRUE"/>
    </Config>
  </FileSet>
  <Strategy Version="1" Minor="2">
    <StratHandle Name="Vivado Synthesis Defaults" Flow="Vivado Synthesis 2022">
      <Desc>Vivado Synthesis Defaults</Desc>
    </StratHandle>
    <Step Id="synth_design"/>
  </Strategy>
</GenRun>
